model_id,model_name,seed,checkpoint_id,report_dir,predictions_jsonl,v8_plan_case_results_jsonl,gate_status,gate_blockers,overall.json_valid_rate,overall.exact_marked_object_id_accuracy,overall.ordinal_actor_binding_accuracy,overall.target_resolution_accuracy,overall.chronology_phase_accuracy,overall.runtime_fallback_rate,overall.case_strict_success_rate,synthetic_heldout.json_valid_rate,synthetic_heldout.exact_marked_object_id_accuracy,synthetic_heldout.ordinal_actor_binding_accuracy,synthetic_heldout.target_resolution_accuracy,synthetic_heldout.chronology_phase_accuracy,synthetic_heldout.runtime_fallback_rate,synthetic_heldout.case_strict_success_rate,hard_heldout.json_valid_rate,hard_heldout.exact_marked_object_id_accuracy,hard_heldout.ordinal_actor_binding_accuracy,hard_heldout.target_resolution_accuracy,hard_heldout.chronology_phase_accuracy,hard_heldout.runtime_fallback_rate,hard_heldout.case_strict_success_rate,real_runtime.json_valid_rate,real_runtime.exact_marked_object_id_accuracy,real_runtime.ordinal_actor_binding_accuracy,real_runtime.target_resolution_accuracy,real_runtime.chronology_phase_accuracy,real_runtime.runtime_fallback_rate,real_runtime.case_strict_success_rate,bucket.same_type_markers.case_count,bucket.same_type_markers.json_valid_rate,bucket.same_type_markers.exact_marked_object_id_accuracy,bucket.same_type_markers.ordinal_actor_binding_accuracy,bucket.same_type_markers.target_resolution_accuracy,bucket.same_type_markers.chronology_phase_accuracy,bucket.same_type_markers.runtime_fallback_rate,bucket.same_type_markers.case_strict_success_rate,bucket.three_beat_cases.case_count,bucket.three_beat_cases.json_valid_rate,bucket.three_beat_cases.exact_marked_object_id_accuracy,bucket.three_beat_cases.ordinal_actor_binding_accuracy,bucket.three_beat_cases.target_resolution_accuracy,bucket.three_beat_cases.chronology_phase_accuracy,bucket.three_beat_cases.runtime_fallback_rate,bucket.three_beat_cases.case_strict_success_rate,bucket.ordinal_cases.case_count,bucket.ordinal_cases.json_valid_rate,bucket.ordinal_cases.exact_marked_object_id_accuracy,bucket.ordinal_cases.ordinal_actor_binding_accuracy,bucket.ordinal_cases.target_resolution_accuracy,bucket.ordinal_cases.chronology_phase_accuracy,bucket.ordinal_cases.runtime_fallback_rate,bucket.ordinal_cases.case_strict_success_rate,bucket.exact_marker_identity_cases.case_count,bucket.exact_marker_identity_cases.json_valid_rate,bucket.exact_marker_identity_cases.exact_marked_object_id_accuracy,bucket.exact_marker_identity_cases.ordinal_actor_binding_accuracy,bucket.exact_marker_identity_cases.target_resolution_accuracy,bucket.exact_marker_identity_cases.chronology_phase_accuracy,bucket.exact_marker_identity_cases.runtime_fallback_rate,bucket.exact_marker_identity_cases.case_strict_success_rate,bucket.marked_object_morphology.case_count,bucket.marked_object_morphology.json_valid_rate,bucket.marked_object_morphology.exact_marked_object_id_accuracy,bucket.marked_object_morphology.ordinal_actor_binding_accuracy,bucket.marked_object_morphology.target_resolution_accuracy,bucket.marked_object_morphology.chronology_phase_accuracy,bucket.marked_object_morphology.runtime_fallback_rate,bucket.marked_object_morphology.case_strict_success_rate,slice_available,slice.model_only.json_valid_rate,slice.model_only.schema_valid_rate,slice.model_only.ordinal_actor_binding_accuracy,slice.model_only.target_resolution_accuracy,slice.model_only.chronology_phase_accuracy,slice.model_only.action_recall,slice.model_only.runtime_fallback_rate,slice.model_only.case_strict_success_rate,slice.end_to_end.json_valid_rate,slice.end_to_end.schema_valid_rate,slice.end_to_end.ordinal_actor_binding_accuracy,slice.end_to_end.target_resolution_accuracy,slice.end_to_end.chronology_phase_accuracy,slice.end_to_end.action_recall,slice.end_to_end.runtime_fallback_rate,slice.end_to_end.case_strict_success_rate,slice.local_plan_raw.plan_parse_rate,slice.local_plan_raw.plan_reference_binding_accuracy,slice.local_plan_raw.plan_beat_integrity_accuracy
base_qwen3_1_7b,Base Qwen3-1.7B,42,base_qwen3_1_7b_seed42,/Users/unterlantas/Documents/XCode/shafinMultitool/experiments/sc_benchmark/workspace/runs/leakage_aware_all_models_seed42/reports/base_qwen3_1_7b/seed_42,/Users/unterlantas/Documents/XCode/shafinMultitool/docs/SGv7pipeline/runs/sgv7_full_20260417/iter2/benchmark_results_seed42/predictions_sanitized/base_qwen3_1_7b/seed_42.jsonl,,fail,"gate1:floor_not_met:action_recall,gate1:floor_not_met:beat_count_accuracy,gate1:floor_not_met:chronology_phase_accuracy,gate1:floor_not_met:exact_marked_object_id_accuracy,gate1:floor_not_met:json_valid_rate,gate1:floor_not_met:marked_object_recall,gate1:floor_not_met:ordinal_actor_binding_accuracy,gate1:floor_not_met:runtime_fallback_rate,gate1:floor_not_met:target_resolution_accuracy",0.4714285714285714,0.0,0.0,0.0,0.0,1.0,0.0,0.7666666666666667,0.0,0.0,0.0,0.0,1.0,0.0,0.31746031746031744,0.0,0.0,0.0,0.0,1.0,0.0,0.0,0.0,0.0,0.0,0.0,1.0,0.0,12,0.0,0.0,0.0,0.0,0.0,1.0,0.0,8,0.5,0.0,0.0,0.0,0.0,1.0,0.0,72,0.2222222222222222,0.0,0.0,0.0,0.0,1.0,0.0,12,0.0,0.0,0.0,0.0,0.0,1.0,0.0,12,0.0,0.0,0.0,0.0,0.0,1.0,0.0,,,,,,,,,,,,,,,,,,,,
dataset_v7,SG v7 direct SceneScript,42,dataset_v7_seed42,/Users/unterlantas/Documents/XCode/shafinMultitool/experiments/sc_benchmark/workspace/runs/leakage_aware_all_models_seed42/reports/dataset_v7/seed_42,/Users/unterlantas/Documents/XCode/shafinMultitool/docs/SGv7pipeline/runs/sgv7_full_20260417/iter2/benchmark_results_seed42/predictions_sanitized/dataset_v7/seed_42.jsonl,,fail,"gate1:floor_not_met:action_recall,gate1:floor_not_met:beat_count_accuracy,gate1:floor_not_met:chronology_phase_accuracy,gate1:floor_not_met:runtime_fallback_rate,gate1:floor_not_met:target_resolution_accuracy",0.9928571428571429,1.0,0.9875776397515528,0.020689655172413793,0.02142857142857143,0.9785714285714285,0.02142857142857143,1.0,0.0,1.0,0.047619047619047616,0.05,0.95,0.05,0.9841269841269841,0.0,0.9788359788359788,0.0,0.0,1.0,0.0,1.0,1.0,1.0,0.0,0.0,1.0,0.0,12,1.0,1.0,1.0,0.0,0.0,1.0,0.0,8,0.875,0.0,0.8333333333333334,0.0,0.0,1.0,0.0,72,1.0,1.0,1.0,0.0,0.0,1.0,0.0,12,1.0,1.0,1.0,0.0,0.0,1.0,0.0,12,1.0,1.0,1.0,0.0,0.0,1.0,0.0,,,,,,,,,,,,,,,,,,,,
dataset_v7_orpo_iter1,SG v7 ORPO iter1,42,dataset_v7_orpo_iter1_seed42,/Users/unterlantas/Documents/XCode/shafinMultitool/experiments/sc_benchmark/workspace/runs/leakage_aware_all_models_seed42/reports/dataset_v7_orpo_iter1/seed_42,/Users/unterlantas/Documents/XCode/shafinMultitool/docs/SGv7pipeline/runs/sgv7_full_20260417/iter2/benchmark_results_seed42/predictions_sanitized/dataset_v7_orpo_iter1/seed_42.jsonl,,fail,"gate1:floor_not_met:action_recall,gate1:floor_not_met:beat_count_accuracy,gate1:floor_not_met:chronology_phase_accuracy,gate1:floor_not_met:runtime_fallback_rate,gate1:floor_not_met:target_resolution_accuracy",0.95,1.0,0.9316770186335404,0.027586206896551724,0.02857142857142857,0.9714285714285714,0.02857142857142857,1.0,0.0,1.0,0.06349206349206349,0.06666666666666667,0.9333333333333333,0.06666666666666667,0.8888888888888888,0.0,0.8835978835978836,0.0,0.0,1.0,0.0,1.0,1.0,1.0,0.0,0.0,1.0,0.0,12,1.0,1.0,1.0,0.0,0.0,1.0,0.0,8,0.125,0.0,0.125,0.0,0.0,1.0,0.0,72,1.0,1.0,0.9950980392156863,0.0,0.0,1.0,0.0,12,1.0,1.0,1.0,0.0,0.0,1.0,0.0,12,1.0,1.0,1.0,0.0,0.0,1.0,0.0,,,,,,,,,,,,,,,,,,,,
dataset_v7_orpo_iter2,SG v7 ORPO iter2,42,dataset_v7_orpo_iter2_seed42,/Users/unterlantas/Documents/XCode/shafinMultitool/experiments/sc_benchmark/workspace/runs/leakage_aware_all_models_seed42/reports/dataset_v7_orpo_iter2/seed_42,/Users/unterlantas/Documents/XCode/shafinMultitool/docs/SGv7pipeline/runs/sgv7_full_20260417/iter2/benchmark_results_seed42/predictions_sanitized/dataset_v7_orpo_iter2/seed_42.jsonl,,fail,"gate1:floor_not_met:action_recall,gate1:floor_not_met:beat_count_accuracy,gate1:floor_not_met:chronology_phase_accuracy,gate1:floor_not_met:runtime_fallback_rate,gate1:floor_not_met:target_resolution_accuracy",0.95,1.0,0.9347826086956522,0.020689655172413793,0.02142857142857143,0.9785714285714285,0.02142857142857143,1.0,0.0,1.0,0.047619047619047616,0.05,0.95,0.05,0.9047619047619048,0.0,0.9047619047619048,0.0,0.0,1.0,0.0,0.9411764705882353,1.0,0.9230769230769231,0.0,0.0,1.0,0.0,12,1.0,1.0,1.0,0.0,0.0,1.0,0.0,8,0.25,0.0,0.25,0.0,0.0,1.0,0.0,72,0.9861111111111112,1.0,0.9852941176470589,0.0,0.0,1.0,0.0,12,1.0,1.0,1.0,0.0,0.0,1.0,0.0,12,1.0,1.0,1.0,0.0,0.0,1.0,0.0,,,,,,,,,,,,,,,,,,,,
dataset_v8_plan_orpo_iter1,SG v8 ScenePlanIR ORPO iter1,42,dataset_v8_plan_orpo_iter1_seed42,/Users/unterlantas/Documents/XCode/shafinMultitool/experiments/sc_benchmark/workspace/runs/leakage_aware_all_models_seed42/reports/dataset_v8_plan_orpo_iter1/seed_42,/Users/unterlantas/Documents/XCode/shafinMultitool/docs/SGv8pipeline/runs/v8_0_seed42/eval_artifacts/dataset_v8_plan_orpo_iter1_seed42.compiled_predictions.jsonl,/Users/unterlantas/Documents/XCode/shafinMultitool/docs/SGv8pipeline/runs/v8_0_seed42/eval_artifacts/dataset_v8_plan_orpo_iter1_seed42.plan_case_results.jsonl,fail,"gate1:floor_not_met:action_recall,gate1:floor_not_met:beat_count_accuracy,gate1:floor_not_met:chronology_phase_accuracy,gate1:floor_not_met:json_valid_rate,gate1:floor_not_met:ordinal_actor_binding_accuracy,gate1:floor_not_met:runtime_fallback_rate,gate1:floor_not_met:target_resolution_accuracy",0.9428571428571428,1.0,0.8385093167701864,0.4103448275862069,0.14285714285714285,0.4714285714285714,0.14285714285714285,0.95,0.0,0.6702127659574468,0.48412698412698413,0.13333333333333333,0.21666666666666667,0.13333333333333333,0.9206349206349206,0.0,0.8888888888888888,0.30985915492957744,0.047619047619047616,0.8412698412698413,0.047619047619047616,1.0,1.0,1.0,0.6363636363636364,0.5294117647058824,0.0,0.5294117647058824,12,1.0,1.0,1.0,0.5,0.5,0.0,0.5,8,0.5,0.0,0.5,0.15625,0.0,0.5,0.0,72,0.9861111111111112,1.0,0.9558823529411765,0.4015151515151515,0.16666666666666666,0.6805555555555556,0.16666666666666666,12,1.0,1.0,1.0,0.5,0.5,0.0,0.5,12,1.0,1.0,1.0,0.5,0.5,0.0,0.5,"model_only,end_to_end",0.9428571428571428,0.9428571428571428,0.8385093167701864,0.4103448275862069,0.14285714285714285,0.41076487252124644,0.4714285714285714,0.14285714285714285,0.9428571428571428,0.9428571428571428,0.8385093167701864,0.4103448275862069,0.14285714285714285,0.41076487252124644,0.4714285714285714,0.14285714285714285,0.9580152671755725,0.7595419847328244,0.2786259541984733
dataset_v8_plan_sft,SG v8 ScenePlanIR SFT,42,dataset_v8_plan_sft_seed42,/Users/unterlantas/Documents/XCode/shafinMultitool/experiments/sc_benchmark/workspace/runs/leakage_aware_all_models_seed42/reports/dataset_v8_plan_sft/seed_42,/Users/unterlantas/Documents/XCode/shafinMultitool/docs/SGv8pipeline/runs/v8_0_seed42/eval_artifacts/dataset_v8_plan_sft_seed42.compiled_predictions.jsonl,/Users/unterlantas/Documents/XCode/shafinMultitool/docs/SGv8pipeline/runs/v8_0_seed42/eval_artifacts/dataset_v8_plan_sft_seed42.plan_case_results.jsonl,fail,"gate1:floor_not_met:action_recall,gate1:floor_not_met:beat_count_accuracy,gate1:floor_not_met:chronology_phase_accuracy,gate1:floor_not_met:json_valid_rate,gate1:floor_not_met:ordinal_actor_binding_accuracy,gate1:floor_not_met:runtime_fallback_rate,gate1:floor_not_met:target_resolution_accuracy",0.9285714285714286,1.0,0.8322981366459627,0.4,0.14285714285714285,0.4785714285714286,0.14285714285714285,0.9333333333333333,0.0,0.648936170212766,0.46825396825396826,0.13333333333333333,0.23333333333333334,0.13333333333333333,0.9047619047619048,0.0,0.8888888888888888,0.30985915492957744,0.06349206349206349,0.8412698412698413,0.06349206349206349,1.0,1.0,1.0,0.5909090909090909,0.47058823529411764,0.0,0.47058823529411764,12,1.0,1.0,1.0,0.5,0.5,0.0,0.5,8,0.5,0.0,0.5,0.21875,0.125,0.5,0.125,72,0.9722222222222222,1.0,0.9558823529411765,0.3787878787878788,0.1527777777777778,0.6805555555555556,0.1527777777777778,12,1.0,1.0,1.0,0.5,0.5,0.0,0.5,12,1.0,1.0,1.0,0.5,0.5,0.0,0.5,"model_only,end_to_end",0.9285714285714286,0.9285714285714286,0.8322981366459627,0.4,0.14285714285714285,0.39660056657223797,0.4785714285714286,0.14285714285714285,0.9285714285714286,0.9285714285714286,0.8322981366459627,0.4,0.14285714285714285,0.39660056657223797,0.4785714285714286,0.14285714285714285,0.9580152671755725,0.7633587786259542,0.2748091603053435
dataset_v9_2_event_sft_policy_v93,SG v9.2 frozen predictions with V9.3 policy replay,42,dataset_v9_2_event_sft_policy_v93_seed42,/Users/unterlantas/Documents/XCode/shafinMultitool/experiments/sc_benchmark/workspace/runs/leakage_aware_all_models_seed42/reports/dataset_v9_2_event_sft_policy_v93/seed_42,/Users/unterlantas/Documents/XCode/shafinMultitool/docs/SGv9pipeline/runs/v9_2_seed42/from_user_predictions_policy_v93/eval_artifacts/dataset_v9_2_event_sft_policy_v93_seed42.compiled_predictions.jsonl,,fail,gate1:floor_not_met:described_action_precision,1.0,1.0,1.0,1.0,1.0,0.0,1.0,1.0,0.0,1.0,1.0,1.0,0.0,1.0,1.0,0.0,1.0,1.0,1.0,0.0,1.0,1.0,1.0,1.0,1.0,1.0,0.0,1.0,12,1.0,1.0,1.0,1.0,1.0,0.0,1.0,8,1.0,0.0,1.0,1.0,1.0,0.0,1.0,72,1.0,1.0,1.0,1.0,1.0,0.0,1.0,12,1.0,1.0,1.0,1.0,1.0,0.0,1.0,12,1.0,1.0,1.0,1.0,1.0,0.0,1.0,"model_only,end_to_end",1.0,1.0,1.0,1.0,1.0,1.0,0.0,1.0,1.0,1.0,1.0,1.0,1.0,1.0,0.0,1.0,,,
dataset_v9_3_event_sft,SG v9.3 slot/event successor,42,dataset_v9_3_event_sft_seed42,/Users/unterlantas/Documents/XCode/shafinMultitool/experiments/sc_benchmark/workspace/runs/leakage_aware_all_models_seed42/reports/dataset_v9_3_event_sft/seed_42,/Users/unterlantas/Documents/XCode/shafinMultitool/docs/SGv9pipeline/runs/v9_3_seed42/from_user_predictions/eval_artifacts/dataset_v9_3_event_sft_seed42.compiled_predictions.jsonl,,pass_with_watchlist,,1.0,1.0,1.0,0.996551724137931,0.9928571428571429,0.0,0.9928571428571429,1.0,0.0,1.0,1.0,1.0,0.0,1.0,1.0,0.0,1.0,0.9929577464788732,0.9841269841269841,0.0,0.9841269841269841,1.0,1.0,1.0,1.0,1.0,0.0,1.0,12,1.0,1.0,1.0,1.0,1.0,0.0,1.0,8,1.0,0.0,1.0,0.96875,0.875,0.0,0.875,72,1.0,1.0,1.0,1.0,1.0,0.0,1.0,12,1.0,1.0,1.0,1.0,1.0,0.0,1.0,12,1.0,1.0,1.0,1.0,1.0,0.0,1.0,"model_only,end_to_end",1.0,1.0,1.0,0.996551724137931,0.9928571428571429,0.9971671388101983,0.0,0.9928571428571429,1.0,1.0,1.0,0.996551724137931,0.9928571428571429,0.9971671388101983,0.0,0.9928571428571429,,,
dataset_v9_event_sft,SG v9.0 slot/event SFT,42,dataset_v9_event_sft_seed42,/Users/unterlantas/Documents/XCode/shafinMultitool/experiments/sc_benchmark/workspace/runs/leakage_aware_all_models_seed42/reports/dataset_v9_event_sft/seed_42,/Users/unterlantas/Documents/XCode/shafinMultitool/docs/SGv9pipeline/runs/v9_0_seed42/eval_artifacts/dataset_v9_event_sft_seed42.compiled_predictions.jsonl,,pass_with_watchlist,,1.0,1.0,1.0,1.0,1.0,0.0,1.0,1.0,0.0,1.0,1.0,1.0,0.0,1.0,1.0,0.0,1.0,1.0,1.0,0.0,1.0,1.0,1.0,1.0,1.0,1.0,0.0,1.0,12,1.0,1.0,1.0,1.0,1.0,0.0,1.0,8,1.0,0.0,1.0,1.0,1.0,0.0,1.0,72,1.0,1.0,1.0,1.0,1.0,0.0,1.0,12,1.0,1.0,1.0,1.0,1.0,0.0,1.0,12,1.0,1.0,1.0,1.0,1.0,0.0,1.0,"model_only,end_to_end",1.0,1.0,1.0,1.0,1.0,1.0,0.0,1.0,1.0,1.0,1.0,1.0,1.0,1.0,0.0,1.0,,,
